{"cameraMode":{"drawMode":0,"name":"Shaded","section":"Shading Mode"},"sceneLighting":true,"audioPlay":false,"sceneViewState":{"showFog":true,"showMaterialUpdate":false,"showSkybox":true,"showFlares":true,"showImageEffects":true,"showParticleSystems":true},"in2DMode":false,"pivot":{"x":59.217105865478519,"y":11.539414405822754,"z":40.49334716796875},"rotation":{"x":-0.012040316127240658,"y":-0.9420173764228821,"z":-0.03837765380740166,"w":0.3341749906539917},"size":21.668441772460939,"orthographic":false}