{"cameraMode":{"drawMode":0,"name":"Shaded","section":"Shading Mode"},"sceneLighting":true,"audioPlay":false,"sceneViewState":{"showFog":true,"showMaterialUpdate":false,"showSkybox":true,"showFlares":true,"showImageEffects":true,"showParticleSystems":true},"in2DMode":false,"pivot":{"x":69.99713897705078,"y":6.240000247955322,"z":62.26877975463867},"rotation":{"x":0.035030294209718707,"y":-0.8671926259994507,"z":0.05804946646094322,"w":0.4939669966697693},"size":25.115585327148439,"orthographic":false}