{"cameraMode":{"drawMode":0,"name":"Shaded","section":"Shading Mode"},"sceneLighting":true,"audioPlay":false,"sceneViewState":{"showFog":true,"showMaterialUpdate":false,"showSkybox":true,"showFlares":true,"showImageEffects":true,"showParticleSystems":true},"in2DMode":false,"pivot":{"x":2.4384899139404299,"y":1.577638864517212,"z":10.151362419128418},"rotation":{"x":-0.01166542898863554,"y":0.9884364604949951,"z":0.10835371911525727,"w":0.10596618801355362},"size":4.587348461151123,"orthographic":false}